Industry,Keyword Phrase 1,Keyword Phrase 2,Keyword Phrase 3
Marketing Agencies,Digital marketing agency near Flagstaff,SEO and PPC services Flagstaff,Social media marketing companies Flagstaff
Specialty Retail Stores,Niche retail stores Flagstaff,Ski shop near Flagstaff,Unique local stores Flagstaff
Online Stores,E-commerce businesses Flagstaff,Local online shops Flagstaff,Local artisan online store near Flagstaff
Small Manufacturers,Local manufacturers near Flagstaff,Specialty manufacturers Flagstaff,Small-scale production companies Flagstaff
Logistics and Warehouses,Logistics companies near Flagstaff,Warehouse services Flagstaff,3PL providers Flagstaff
Property Management Firms,Property management companies near Flagstaff,Rental management firms Flagstaff,Real estate property managers Flagstaff
Corporate Training Firms,Corporate training services Flagstaff,Workforce development companies near Flagstaff,Professional skills training Flagstaff
Boutique Hotels & Vacation Rentals,Boutique hotels near me,Vacation rentals Flagstaff,Unique lodging options Flagstaff
Tour Operators,Local tour operators near Flagstaff,Flagstaff adventure tours,Guided trips Flagstaff
"Training Centers (Professional, Trade, English language)",Trade schools near Flagstaff,English language classes Flagstaff,Professional certification courses Flagstaff
Real Estate Brokerages,Real estate agents near Flagstaff,Top real estate firms Flagstaff,Commercial real estate brokers Flagstaff
Legal Practices,Law firms near Flagstaff,Business legal services Flagstaff,Family law attorneys Flagstaff
Accounting Firms,CPA firms near Flagstaff,Small business accounting Flagstaff,Tax preparation services Flagstaff
Financial Advisory Firms,Financial advisors near Flagstaff,Wealth management firms Flagstaff,Retirement planning services Flagstaff
Private Schools,Private schools near Flagstaff,Top-rated schools Flagstaff,Independent schools Flagstaff
Healthcare/Wellness Clinics and Medical Practices,Medical clinics near Flagstaff,Family doctors Flagstaff,Wellness centers Flagstaff
Physical Therapy Practices,Physical therapy clinics near Flagstaff,Rehabilitation centers Flagstaff,Sports therapy specialists Flagstaff
Wellness Centers,Holistic wellness centers near Flagstaff,Yoga and meditation studios Flagstaff,Alternative health clinics Flagstaff